{"cameraMode":{"drawMode":0,"name":"Shaded","section":"Shading Mode"},"sceneLighting":false,"audioPlay":false,"sceneViewState":{"showFog":true,"showMaterialUpdate":false,"showSkybox":false,"showFlares":true,"showImageEffects":true,"showParticleSystems":true},"in2DMode":false,"pivot":{"x":1723.701904296875,"y":-1490.539794921875,"z":18689.447265625},"rotation":{"x":-0.23351889848709107,"y":-0.030042676255106927,"z":0.0072186170145869259,"w":-0.9718613028526306},"size":8181.43212890625,"orthographic":false}